,ids
0,ncsstr
1,mkmvft
2,ncvr8e
3,ncvpro
4,ncy2im
5,nc5nd3
6,ncoosm
7,ncjibz
8,ncvxvq
9,ncuvgd
10,ncyzgv
11,ncgpr1
12,ncmr48
13,ncuyzq
14,ncacb4
15,ncxyju
16,nck2tz
17,ncyoqt
18,ncwjzx
19,ncjjmn
20,ncz8jv
21,ncpyec
22,nci3c9
23,nch130
24,ncm9am
25,nctm3u
26,nchdu8
27,ncz410
28,nclvge
29,nck8ju
30,ncv9ts
31,ncpvop
32,nclzpu
33,ncwc8g
34,nczrjo
35,ncqxen
36,ncewko
37,ncv81e
38,ncc0h5
39,ncm13z
40,ncuol7
41,nc9u36
42,nchyiy
43,ncmhxa
44,ncy1uq
45,ncm58k
46,ncuq99
47,nclu63
48,ncs8rx
49,nctr5f
50,ncd3c7
51,ncxcco
52,nczsnx
53,ncnxfg
54,ncollc
55,nbzlnn
56,nc41xj
57,ncm51w
58,ncznfq
59,ncrdwh
60,ncbzi0
61,ncm3gq
62,nbmt3d
63,nce9sx
64,ncspn1
65,nctlov
66,nc9r0t
67,ncsy1v
68,ncrluj
69,nc7guh
70,ncn2br
71,nc9vob
72,ncbjpk
73,nch0dl
74,ncuc6w
75,ncluwv
76,ncdryh
77,nbynxq
78,ncebjq
79,ncd94u
80,nbi105
81,ncdup2
82,ncogoq
83,ncm1zr
84,ncd4pb
85,ncevbd
86,nc4xj3
87,ncu8s3
88,ncfodx
89,ncec5v
90,ncdabz
91,nc8r19
92,ncgold
93,nchxey
94,ncgwo7
95,ncgcey
96,ncv2k9
97,ncc6pp
98,nc3kho
99,ncsx3m
100,nchkin
101,ncx6qa
102,nc70p9
103,nbyq35
104,nbpvlr
105,nc9qzb
106,nbukfh
107,ncplwo
108,nccecm
109,ncfulz
110,nce0g0
111,nc5mci
112,ncgo01
113,nc514i
114,ncb8wr
115,nc7jcf
116,nc7cq4
117,nbto29
118,ncdz8n
119,nbxwyd
120,nc9gt2
121,ncdo90
122,nc8vuk
123,ncgdxo
124,nbvml0
125,nc3mrp
126,ncceo8
127,ncbsui
128,ncakqv
129,nc8dv4
130,nbujnd
131,nccedq
132,ncs3t5
133,nc55m2
134,nc9e5u
135,nbydfr
136,ncya5h
137,ncb03h
138,nc9abp
139,ncc31h
140,ncbw78
141,nbvti3
142,nbrtln
143,ncc4w6
144,ncby6w
145,nbyqud
146,nc6gwr
147,nccq1d
148,nc6dd7
149,nca68u
150,nby8r2
151,nc2gbn
152,nc1tvs
153,nbel12
154,nc4h2z
155,nbjvjs
156,nbftxr
157,nbgeku
158,nbco0l
159,ncabd6
160,nc7d6z
161,nc7c3t
162,nbvdaq
163,nc454d
164,nbsmpx
165,nb0qrm
166,nc9q93
167,nc7rdc
168,nc7ejc
169,nc52gi
170,nc2nn5
171,nbrabk
172,ncbjn0
173,nc7e4n
174,nc36hl
175,nbcj1q
176,nbtmti
177,nbrnnm
178,nbi6om
179,nbuvn6
180,nc4g1w
181,nbm9va
182,nc4scx
183,nbt5gw
184,nc1ozb
185,nc76fs
186,nbgwfq
187,ncwdgd
188,nbkz2h
189,nc3vge
190,nc7equ
191,nbulib
192,nc0p59
193,nbtxde
194,nbhz54
195,nbxr9n
196,nbfmoq
197,nby681
198,nbxmq0
199,nbxciw
200,nbnwh3
201,nbjcki
202,nbvixp
203,nbuedr
204,nc7cpw
205,nc0wk8
206,nbrskg
207,nbk81n
208,nc062l
209,nbjce6
210,nbb0oj
211,nbwy31
212,nc6k7a
213,nbkws1
214,ncdr0f
215,nbu3it
216,nby6wa
217,nboo0w
218,nc4lg8
219,nbfp9d
220,nbxooq
221,nbs655
222,nbcozj
223,nbudpe
224,nbulcg
225,nbljah
226,nbndlg
227,nbsmj4
228,nbadom
229,nbot41
230,nbj8g6
231,nal5p5
232,nbt5y9
233,nbsyio
234,nc61ha
235,nbiepo
236,nbspmf
237,nbg7c7
238,nb3h80
239,nbmdlt
240,nbea54
241,nb4vkf
242,nbeis4
243,nbheza
244,nbdc70
245,nbjjvl
246,nbe0dv
247,nb7cjr
248,nbmbzr
249,nau2b4
250,nbe9sb
251,nawt80
252,nbg6bc
253,nbf6yg
254,nbir30
255,nb8voi
256,nbc7dj
257,nawa0f
258,nc5izw
259,nbjkf7
260,nb3zt1
261,naxwji
262,nbh6aw
263,nb235m
264,nbh3ez
265,nbivwd
266,nbgba3
267,nbjdw4
268,nbcjet
269,nbdt8z
270,nbfhzf
271,nbmczb
272,nc4vuu
273,nbfqo1
274,nbal4i
275,nbmdyp
276,nbejx5
277,nbj10h
278,nb3nk0
279,nb0m3n
280,nbb016
281,nbf4ut
282,nayupn
283,nbb0mx
284,naza6x
285,nb7q19
286,nbfube
287,nb2kqa
288,narcsh
289,nbccxy
290,nb5tzi
291,nbf4ny
292,nb0bq7
293,nbgkcl
294,nb7oec
295,nb5r0v
296,nb2ahl
297,nalf23
298,naqfhu
299,nb7uj2
300,naw1w2
301,nayy0c
302,nb0ufp
303,nb3ppt
304,naa357
305,naw68a
306,nbc37o
307,nb6np8
308,nat7nq
309,nalmdh
310,nanxs2
311,nanbi3
312,nb0exf
313,nb0zwp
314,nbvuqf
315,nb6s46
316,nb8kzo
317,nb1qz6
318,narbhn
319,nawry0
320,nappuj
321,nbb8y2
322,nayu2d
323,naodfm
324,nb6wlt
325,nb3ob5
326,nalgcp
327,nb06vk
328,navuv0
329,n9ye5v
330,nb4l7i
331,nap98x
332,naxs6z
333,nb8cej
334,nb0ccv
335,nb4qt8
336,na72f4
337,nbc7vc
338,nb4bz2
339,naqx57
340,nay8vo
341,nb9uhz
342,na9d07
343,naqn03
344,napcba
345,nafidl
346,najat9
347,naz4lj
348,nap90j
349,nalwed
350,nayww5
351,nayqzy
352,nanl39
353,naqfbg
354,naactu
355,naog9w
356,n9yf7q
357,nb5q9h
358,na2t76
359,nard2a
360,natr3m
361,naqph5
362,namf61
363,naj3qc
364,na2yhl
365,nave3d
366,nasuyx
367,nanq8z
368,nap6v8
369,najk0a
370,nangkm
371,naobw8
372,nakl0u
373,naw07t
374,naikgo
375,naaylg
376,nalzbu
377,nap7zh
378,namtpz
379,nabf1b
380,naglut
381,naup0i
382,naotew
383,narwrp
384,naiqaj
385,nad8fm
386,nahwvm
387,naotmt
388,naobqs
389,napaho
390,na1eri
391,nanid0
392,nailfw
393,na67dd
394,nal1yy
395,nao8ih
396,nahm0n
397,n9yqpy
398,nb0ahs
399,namhrr
400,naimtk
401,nakz97
402,nailkt
403,na7isg
404,nankw9
405,na0gbq
406,nahl1w
407,na9c11
408,nac17j
409,n9g9y6
410,n9zo97
411,nalyov
412,na9bck
413,nak5mp
414,naggfn
415,na2gtc
416,nahc3k
417,na9wyg
418,nb5iqa
419,na2qwv
420,nalaqn
421,na0imq
422,na9l9r
423,na5bgj
424,nacfnd
425,na9d0e
426,nafaxg
427,na8146
428,na7jit
429,n9zj0r
430,n9trat
431,nabf3p
432,n9wf6h
433,na1otg
434,naji8u
435,najtxv
436,n9vyoi
437,n9ujaq
438,n9zgd4
439,na6uan
440,nac23z
441,na3qwd
442,nagn5q
443,naai4k
444,najdp7
445,na3cwi
446,na60r2
447,n9z4b4
448,n9zb73
449,nahwd6
450,naa44h
451,na2ysh
452,n9yife
453,naceb1
454,na9zgi
455,n9vv3n
456,na3ev5
457,na1ts4
458,n9xzlr
459,na23bi
460,na0rm4
461,n913zt
462,n9yjrx
463,na1ty1
464,na188u
465,naa2iz
466,naxtak
467,n9v4f2
468,na6294
469,n9xt6a
470,n9vwqh
471,na6a14
472,n9yi54
473,n9pkbw
474,n9pmno
475,n9y8kj
476,n9vk5s
477,n9i9qi
478,n9yp31
479,na37ay
480,n9ymdd
481,n9k2tm
482,n98cpf
483,n9t6rg
484,n94zxm
485,n9umco
486,na3vbz
487,n96vsi
488,n9d7fp
489,n9d3np
490,n9ykgc
491,n9s6jk
492,n9h6u7
493,n9v55o
494,na0asg
495,n9hq0s
496,n9715y
497,n9r2uu
498,n9qzzk
499,n9tsel
500,n9s7yh
501,n9tgsg
502,n9s7hs
503,n9sc2n
504,n9kj6l
505,n9q98h
506,n9m5zc
507,n9s89p
508,n911l9
509,n9b8yq
510,n98wu0
511,n9lb6l
512,n9mxlx
513,n99b86
514,na226q
515,n9s8p7
516,n9holy
517,n9n4pf
518,n9mrvn
519,n979ab
520,n9s9kz
521,n9s712
522,n9kshv
523,n9m688
524,n9gfsc
525,n9n7kk
526,n9c1sw
527,n9o8cb
528,n9973e
529,n9yd8c
530,n976oy
531,n9xgdt
532,n9d8vg
533,n9s93o
534,n9jk5f
535,n9fnd9
536,n9js0s
537,n947z8
538,n8mml2
539,n9bves
540,n9o5lg
541,n9bci9
542,n9kfza
543,n97utk
544,n92v2w
545,n9l143
546,n911o7
547,n9fl61
548,n8dyxl
549,n8yl4e
550,n9n61b
551,n9cen6
552,n9keev
553,n93tkk
554,n94kjx
555,n9eryp
556,n8s3du
557,n9e50b
558,n97di8
559,n8zuri
560,n94qqj
561,n9n2lx
562,n9f29h
563,n91hkd
564,n99hch
565,n8wiaq
566,n9bf4l
567,n8tjo4
568,n93n1w
569,n93q1u
570,n9epd7
571,n9c3gv
572,n9505l
573,n92tof
574,n8x6gm
575,n972zl
576,n8mwcz
577,n910n1
578,n8sgw5
579,n908p1
580,n9076e
581,n951xx
582,n8zyrh
583,n8e1el
584,n940s4
585,n91r84
586,n98jo1
587,n8ouh3
588,n92gmh
589,n8tfdf
590,n8y19r
591,n8y662
592,n8g4hw
593,n8q5l4
594,n8tnkg
595,n8qtiz
596,n8lvjm
597,n8xft2
598,n8zrow
599,n8m2wu
600,n8z4wb
601,n8k19g
602,n7zztl
603,n8l6o2
604,n8xpbw
605,n90wi1
606,n8ib1h
607,n8d3t2
608,n8ybp6
609,n8jj8u
610,n8ksfo
611,n8q6tu
612,n8fiog
613,n8gi1b
614,n8up56
615,n8jxsc
616,n8eodq
617,n8m0gi
618,n8ljm7
619,n8nead
620,n8xbov
621,n8a8ck
622,n8kv66
623,n8b2sn
624,n8t3ww
625,n8e7t1
626,n8cys3
627,n8pnxp
628,n8sez4
629,n8ior0
630,n8j9lv
631,n8biam
632,n8k8jn
633,n8kynv
634,n8hv7o
635,n8cme0
636,n8q2rh
637,n8mjjn
638,n8acnb
639,n8fmm2
640,n8hbdm
641,n934un
642,n8h2li
643,n8g6fb
644,n8c2ib
645,n8h6di
646,n8gbx4
647,n87wkg
648,n8egoa
649,n8dc4v
650,n8cqb5
651,n8c88l
652,n8n1by
653,n7mbb2
654,n8bxr8
655,n8dz0n
656,n7t406
657,n8foz8
658,n81r20
659,n88xpf
660,n89wnk
661,n8avzh
662,n85urs
663,n7wmib
664,n80f6b
665,n8dtfx
666,n88m6x
667,n7qcci
668,n7ql1x
669,n88qwv
670,n7we8r
671,n87ttn
672,n8brha
673,n888tm
674,n7m3ht
675,n883rz
676,n89szb
677,n8359r
678,n7qqgm
679,n7oqwj
680,n7wu0y
681,n7mjaq
682,n86sb6
683,n7gnxa
684,n86n5q
685,n7yo4j
686,n7the0
687,n7u3so
688,n8142j
689,n7xztf
690,n77lk1
691,n7cq6v
692,n84vae
693,n85c5k
694,n7iiq9
695,n7zx5n
696,n7wjys
697,n7micw
698,n81u7p
699,n7u0ue
700,n7o5n9
701,n7jks9
702,n7t5td
703,n7q443
704,n7qoaw
705,n8qa20
706,n72ix2
707,n7p7ul
708,n80kg2
709,n7tyja
710,n7w403
711,n7wi83
712,n7p6f8
713,n7sjri
714,n7e94i
715,n6vpx6
716,n7axjn
717,n7woj7
718,n7rr3c
719,n7glrn
720,n7ar3h
721,n7luh7
722,n7mg0o
723,n7qbun
724,n7hlvb
725,n7u3rx
726,n7h936
727,n7sai7
728,n7v2xz
729,n75ql1
730,n7nn19
731,n7lkja
732,n7gcho
733,n7kg4c
734,n7fniy
735,n7iel6
736,n7mawf
737,n78kau
738,n7n4pu
739,n7ib63
740,n7mhdd
741,n76rk5
742,n7ngxq
743,n70drc
744,n7eq3m
745,n75ssg
746,n6vy6j
747,n6uprg
748,n7md0c
749,n7leyo
750,n7ji94
751,n7dz4y
752,n7iqxb
753,n7fqtf
754,n7fqre
755,n7m156
756,n71eut
757,n7h5mh
758,n786b9
759,n6gbtd
760,n7ifz5
761,n7mnmj
762,n7dxs0
763,n7dyqm
764,n7bmif
765,n6zv16
766,n72gll
767,n772xh
768,n7fmhp
769,n7k7nl
770,n76n8t
771,n75fcy
772,n6tbj8
773,n6xber
774,n6vnzq
775,n7594q
776,n75qch
777,n77lc8
778,n6uqk1
779,n768gc
780,n6zch3
781,n73thq
782,n7k0dn
